Id,CAD=X,len,datetime,open,high,low,close,volume,openinterest,adjclose,TestStrategy,len,datetime,MovingAverageSimple,len,sma,Broker,len,cash,value,BuySell,len,buy,sell,Trades - Net Profit/Loss,len,pnlplus,pnlminus
1,CAD=X,1,2007-07-23 23:59:59.999989,1.05,1.05,1.04,1.05,0.0,0.0,1.04676,TestStrategy,1,732880.9999999999,MovingAverageSimple,1,,Broker,1,1000.0,1000.0,BuySell,1,,,Trades - Net Profit/Loss,1,,
2,CAD=X,2,2007-07-24 23:59:59.999989,1.05,1.05,1.03,1.04,0.0,0.0,1.0366,TestStrategy,2,732881.9999999999,MovingAverageSimple,2,,Broker,2,1000.0,1000.0,BuySell,2,,,Trades - Net Profit/Loss,2,,
3,CAD=X,3,2007-07-25 23:59:59.999989,1.04,1.04,1.03,1.04,0.0,0.0,1.0418,TestStrategy,3,732882.9999999999,MovingAverageSimple,3,,Broker,3,1000.0,1000.0,BuySell,3,,,Trades - Net Profit/Loss,3,,
4,CAD=X,4,2007-07-26 23:59:59.999989,1.04,1.06,1.04,1.05,0.0,0.0,1.0536,TestStrategy,4,732883.9999999999,MovingAverageSimple,4,,Broker,4,1000.0,1000.0,BuySell,4,,,Trades - Net Profit/Loss,4,,
5,CAD=X,5,2007-07-27 23:59:59.999989,1.05,1.07,1.05,1.06,0.0,0.0,1.0639,TestStrategy,5,732884.9999999999,MovingAverageSimple,5,,Broker,5,1000.0,1000.0,BuySell,5,,,Trades - Net Profit/Loss,5,,
6,CAD=X,6,2007-07-30 23:59:59.999989,1.06,1.07,1.06,1.07,0.0,0.0,1.06556,TestStrategy,6,732887.9999999999,MovingAverageSimple,6,,Broker,6,1000.0,1000.0,BuySell,6,,,Trades - Net Profit/Loss,6,,
7,CAD=X,7,2007-07-31 23:59:59.999989,1.07,1.07,1.06,1.07,0.0,0.0,1.0668,TestStrategy,7,732888.9999999999,MovingAverageSimple,7,,Broker,7,1000.0,1000.0,BuySell,7,,,Trades - Net Profit/Loss,7,,
8,CAD=X,8,2007-08-01 23:59:59.999989,1.07,1.07,1.06,1.06,0.0,0.0,1.056,TestStrategy,8,732889.9999999999,MovingAverageSimple,8,,Broker,8,1000.0,1000.0,BuySell,8,,,Trades - Net Profit/Loss,8,,
9,CAD=X,9,2007-08-02 23:59:59.999989,1.06,1.06,1.05,1.05,0.0,0.0,1.053,TestStrategy,9,732890.9999999999,MovingAverageSimple,9,,Broker,9,1000.0,1000.0,BuySell,9,,,Trades - Net Profit/Loss,9,,
10,CAD=X,10,2007-08-03 23:59:59.999989,1.05,1.06,1.05,1.05,0.0,0.0,1.0521,TestStrategy,10,732891.9999999999,MovingAverageSimple,10,,Broker,10,1000.0,1000.0,BuySell,10,,,Trades - Net Profit/Loss,10,,
11,CAD=X,11,2007-08-06 23:59:59.999989,1.06,1.06,1.05,1.05,0.0,0.0,1.0517,TestStrategy,11,732894.9999999999,MovingAverageSimple,11,,Broker,11,1000.0,1000.0,BuySell,11,,,Trades - Net Profit/Loss,11,,
12,CAD=X,12,2007-08-07 23:59:59.999989,1.05,1.06,1.05,1.06,0.0,0.0,1.0551,TestStrategy,12,732895.9999999999,MovingAverageSimple,12,,Broker,12,1000.0,1000.0,BuySell,12,,,Trades - Net Profit/Loss,12,,
13,CAD=X,13,2007-08-08 23:59:59.999989,1.06,1.06,1.05,1.05,0.0,0.0,1.0485,TestStrategy,13,732896.9999999999,MovingAverageSimple,13,,Broker,13,1000.0,1000.0,BuySell,13,,,Trades - Net Profit/Loss,13,,
14,CAD=X,14,2007-08-09 23:59:59.999989,1.05,1.06,1.05,1.06,0.0,0.0,1.05705,TestStrategy,14,732897.9999999999,MovingAverageSimple,14,,Broker,14,1000.0,1000.0,BuySell,14,,,Trades - Net Profit/Loss,14,,
15,CAD=X,15,2007-08-10 23:59:59.999989,1.06,1.06,1.05,1.05,0.0,0.0,1.0531,TestStrategy,15,732898.9999999999,MovingAverageSimple,15,1.054,Broker,15,1000.0,1000.0,BuySell,15,,,Trades - Net Profit/Loss,15,,
16,CAD=X,16,2007-08-13 23:59:59.999989,1.05,1.06,1.05,1.05,0.0,0.0,1.0545,TestStrategy,16,732901.9999999999,MovingAverageSimple,16,1.054,Broker,16,1000.0,1000.0,BuySell,16,,,Trades - Net Profit/Loss,16,,
17,CAD=X,17,2007-08-14 23:59:59.999989,1.05,1.07,1.05,1.07,0.0,0.0,1.0682,TestStrategy,17,732902.9999999999,MovingAverageSimple,17,1.056,Broker,17,1000.0,1000.0,BuySell,17,,,Trades - Net Profit/Loss,17,,
18,CAD=X,18,2007-08-15 23:59:59.999989,1.07,1.08,1.07,1.08,0.0,0.0,1.08,TestStrategy,18,732903.9999999999,MovingAverageSimple,18,1.0586666666666666,Broker,18,989.3,1000.0999999999999,BuySell,18,1.05395,,Trades - Net Profit/Loss,18,,
19,CAD=X,19,2007-08-16 23:59:59.999989,1.08,1.09,1.07,1.07,0.0,0.0,1.0728,TestStrategy,19,732904.9999999999,MovingAverageSimple,19,1.06,Broker,19,989.3,1000.0,BuySell,19,,,Trades - Net Profit/Loss,19,,
20,CAD=X,20,2007-08-17 23:59:59.999989,1.07,1.08,1.06,1.06,0.0,0.0,1.061,TestStrategy,20,732905.9999999999,MovingAverageSimple,20,1.06,Broker,20,989.3,999.9,BuySell,20,,,Trades - Net Profit/Loss,20,,
21,CAD=X,21,2007-08-20 23:59:59.999989,1.06,1.06,1.05,1.06,0.0,0.0,1.0554,TestStrategy,21,732908.9999999999,MovingAverageSimple,21,1.0593333333333335,Broker,21,989.3,999.9,BuySell,21,,,Trades - Net Profit/Loss,21,,
22,CAD=X,22,2007-08-21 23:59:59.999989,1.06,1.06,1.06,1.06,0.0,0.0,1.0642,TestStrategy,22,732909.9999999999,MovingAverageSimple,22,1.0586666666666666,Broker,22,989.3,999.9,BuySell,22,,,Trades - Net Profit/Loss,22,,
23,CAD=X,23,2007-08-22 23:59:59.999989,1.06,1.07,1.06,1.06,0.0,0.0,1.0607,TestStrategy,23,732910.9999999999,MovingAverageSimple,23,1.0586666666666666,Broker,23,989.3,999.9,BuySell,23,,,Trades - Net Profit/Loss,23,,
24,CAD=X,24,2007-08-23 23:59:59.999989,1.06,1.06,1.05,1.05,0.0,0.0,1.0546,TestStrategy,24,732911.9999999999,MovingAverageSimple,24,1.0586666666666666,Broker,24,989.3,999.8,BuySell,24,,,Trades - Net Profit/Loss,24,,
25,CAD=X,25,2007-08-24 23:59:59.999989,1.05,1.06,1.05,1.05,0.0,0.0,1.0521,TestStrategy,25,732912.9999999999,MovingAverageSimple,25,1.0586666666666666,Broker,25,999.8,999.8,BuySell,25,,1.0758999999999999,Trades - Net Profit/Loss,25,,-0.20000000000000018
26,CAD=X,26,2007-08-27 23:59:59.999989,1.05,1.05,1.05,1.05,0.0,0.0,1.0548,TestStrategy,26,732915.9999999999,MovingAverageSimple,26,1.0586666666666666,Broker,26,999.8,999.8,BuySell,26,,,Trades - Net Profit/Loss,26,,
27,CAD=X,27,2007-08-28 23:59:59.999989,1.05,1.07,1.05,1.06,0.0,0.0,1.0647,TestStrategy,27,732916.9999999999,MovingAverageSimple,27,1.0586666666666666,Broker,27,999.8,999.8,BuySell,27,,,Trades - Net Profit/Loss,27,,
28,CAD=X,28,2007-08-29 23:59:59.999989,1.06,1.07,1.06,1.06,0.0,0.0,1.0604,TestStrategy,28,732917.9999999999,MovingAverageSimple,28,1.0593333333333335,Broker,28,989.1999999999999,999.8,BuySell,28,1.0441,,Trades - Net Profit/Loss,28,,
29,CAD=X,29,2007-08-30 23:59:59.999989,1.06,1.07,1.05,1.06,0.0,0.0,1.0577,TestStrategy,29,732918.9999999999,MovingAverageSimple,29,1.0593333333333335,Broker,29,989.1999999999999,999.8,BuySell,29,,,Trades - Net Profit/Loss,29,,
30,CAD=X,30,2007-08-31 23:59:59.999989,1.06,1.06,1.05,1.06,0.0,0.0,1.0561,TestStrategy,30,732919.9999999999,MovingAverageSimple,30,1.06,Broker,30,989.1999999999999,999.8,BuySell,30,,,Trades - Net Profit/Loss,30,,
31,CAD=X,31,2007-09-03 23:59:59.999989,1.05,1.05,1.05,1.05,0.0,0.0,1.0527,TestStrategy,31,732922.9999999999,MovingAverageSimple,31,1.06,Broker,31,989.1999999999999,999.6999999999999,BuySell,31,,,Trades - Net Profit/Loss,31,,
32,CAD=X,32,2007-09-04 23:59:59.999989,1.05,1.06,1.05,1.05,0.0,0.0,1.0489,TestStrategy,32,732923.9999999999,MovingAverageSimple,32,1.0586666666666666,Broker,32,999.6999999999999,999.6999999999999,BuySell,32,,1.0758999999999999,Trades - Net Profit/Loss,32,,-0.10000000000000009
33,CAD=X,33,2007-09-05 23:59:59.999989,1.05,1.06,1.05,1.05,0.0,0.0,1.0535,TestStrategy,33,732924.9999999999,MovingAverageSimple,33,1.0566666666666669,Broker,33,999.6999999999999,999.6999999999999,BuySell,33,,,Trades - Net Profit/Loss,33,,
34,CAD=X,34,2007-09-06 23:59:59.999989,1.05,1.06,1.05,1.05,0.0,0.0,1.0515,TestStrategy,34,732925.9999999999,MovingAverageSimple,34,1.0553333333333332,Broker,34,999.6999999999999,999.6999999999999,BuySell,34,,,Trades - Net Profit/Loss,34,,
35,CAD=X,35,2007-09-07 23:59:59.999989,1.05,1.06,1.05,1.05,0.0,0.0,1.0544,TestStrategy,35,732926.9999999999,MovingAverageSimple,35,1.0546666666666666,Broker,35,999.6999999999999,999.6999999999999,BuySell,35,,,Trades - Net Profit/Loss,35,,
36,CAD=X,36,2007-09-11 23:59:59.999989,1.05,1.05,1.04,1.04,0.0,0.0,1.0424,TestStrategy,36,732930.9999999999,MovingAverageSimple,36,1.0533333333333335,Broker,36,999.6999999999999,999.6999999999999,BuySell,36,,,Trades - Net Profit/Loss,36,,
37,CAD=X,37,2007-09-12 23:59:59.999989,1.04,1.04,1.04,1.04,0.0,0.0,1.0365,TestStrategy,37,732931.9999999999,MovingAverageSimple,37,1.052,Broker,37,999.6999999999999,999.6999999999999,BuySell,37,,,Trades - Net Profit/Loss,37,,
38,CAD=X,38,2007-09-13 23:59:59.999989,1.04,1.04,1.03,1.03,0.0,0.0,1.035,TestStrategy,38,732932.9999999999,MovingAverageSimple,38,1.05,Broker,38,999.6999999999999,999.6999999999999,BuySell,38,,,Trades - Net Profit/Loss,38,,
39,CAD=X,39,2007-09-14 23:59:59.999989,1.03,1.04,1.03,1.03,0.0,0.0,1.029,TestStrategy,39,732933.9999999999,MovingAverageSimple,39,1.0486666666666666,Broker,39,999.6999999999999,999.6999999999999,BuySell,39,,,Trades - Net Profit/Loss,39,,
40,CAD=X,40,2007-09-17 23:59:59.999989,1.03,1.03,1.02,1.03,0.0,0.0,1.0278,TestStrategy,40,732936.9999999999,MovingAverageSimple,40,1.0473333333333334,Broker,40,999.6999999999999,999.6999999999999,BuySell,40,,,Trades - Net Profit/Loss,40,,
41,CAD=X,41,2007-09-18 23:59:59.999989,1.03,1.03,1.01,1.01,0.0,0.0,1.014,TestStrategy,41,732937.9999999999,MovingAverageSimple,41,1.0446666666666666,Broker,41,999.6999999999999,999.6999999999999,BuySell,41,,,Trades - Net Profit/Loss,41,,
42,CAD=X,42,2007-09-19 23:59:59.999989,1.01,1.02,1.01,1.01,0.0,0.0,1.01432,TestStrategy,42,732938.9999999999,MovingAverageSimple,42,1.0413333333333334,Broker,42,999.6999999999999,999.6999999999999,BuySell,42,,,Trades - Net Profit/Loss,42,,
43,CAD=X,43,2007-09-20 23:59:59.999989,1.01,1.01,1.0,1.0,0.0,0.0,1.0008,TestStrategy,43,732939.9999999999,MovingAverageSimple,43,1.0373333333333334,Broker,43,999.6999999999999,999.6999999999999,BuySell,43,,,Trades - Net Profit/Loss,43,,
44,CAD=X,44,2007-09-21 23:59:59.999989,1.0,1.0,0.99,1.0,0.0,0.0,1.0006,TestStrategy,44,732940.9999999999,MovingAverageSimple,44,1.0333333333333334,Broker,44,999.6999999999999,999.6999999999999,BuySell,44,,,Trades - Net Profit/Loss,44,,
45,CAD=X,45,2007-09-24 23:59:59.999989,1.0,1.0,1.0,1.0,0.0,0.0,1.0025,TestStrategy,45,732943.9999999999,MovingAverageSimple,45,1.0293333333333334,Broker,45,999.6999999999999,999.6999999999999,BuySell,45,,,Trades - Net Profit/Loss,45,,
46,CAD=X,46,2007-09-25 23:59:59.999989,1.0,1.01,1.0,1.0,0.0,0.0,1.0041,TestStrategy,46,732944.9999999999,MovingAverageSimple,46,1.026,Broker,46,999.6999999999999,999.6999999999999,BuySell,46,,,Trades - Net Profit/Loss,46,,
47,CAD=X,47,2007-09-26 23:59:59.999989,1.0,1.01,1.0,1.0,0.0,0.0,1.0042,TestStrategy,47,732945.9999999999,MovingAverageSimple,47,1.0226666666666666,Broker,47,999.6999999999999,999.6999999999999,BuySell,47,,,Trades - Net Profit/Loss,47,,
48,CAD=X,48,2007-09-27 23:59:59.999989,1.0,1.01,1.0,1.0,0.0,0.0,1.0018,TestStrategy,48,732946.9999999999,MovingAverageSimple,48,1.0193333333333334,Broker,48,999.6999999999999,999.6999999999999,BuySell,48,,,Trades - Net Profit/Loss,48,,
49,CAD=X,49,2007-09-28 23:59:59.999989,1.0,1.0,0.99,1.0,0.0,0.0,0.9958,TestStrategy,49,732947.9999999999,MovingAverageSimple,49,1.016,Broker,49,999.6999999999999,999.6999999999999,BuySell,49,,,Trades - Net Profit/Loss,49,,
50,CAD=X,50,2007-10-01 23:59:59.999989,0.99,1.0,0.99,0.99,0.0,0.0,0.9919,TestStrategy,50,732950.9999999999,MovingAverageSimple,50,1.012,Broker,50,999.6999999999999,999.6999999999999,BuySell,50,,,Trades - Net Profit/Loss,50,,
51,CAD=X,51,2007-10-02 23:59:59.999989,0.99,1.0,0.99,1.0,0.0,0.0,0.9986,TestStrategy,51,732951.9999999999,MovingAverageSimple,51,1.0093333333333334,Broker,51,999.6999999999999,999.6999999999999,BuySell,51,,,Trades - Net Profit/Loss,51,,
52,CAD=X,52,2007-10-03 23:59:59.999989,1.0,1.0,0.99,1.0,0.0,0.0,0.9986,TestStrategy,52,732952.9999999999,MovingAverageSimple,52,1.0066666666666666,Broker,52,999.6999999999999,999.6999999999999,BuySell,52,,,Trades - Net Profit/Loss,52,,
53,CAD=X,53,2007-10-04 23:59:59.999989,1.0,1.0,1.0,1.0,0.0,0.0,0.9969,TestStrategy,53,732953.9999999999,MovingAverageSimple,53,1.0046666666666666,Broker,53,999.6999999999999,999.6999999999999,BuySell,53,,,Trades - Net Profit/Loss,53,,
54,CAD=X,54,2007-10-05 23:59:59.999989,1.0,1.0,0.98,0.98,0.0,0.0,0.9817,TestStrategy,54,732954.9999999999,MovingAverageSimple,54,1.0013333333333334,Broker,54,999.6999999999999,999.6999999999999,BuySell,54,,,Trades - Net Profit/Loss,54,,
55,CAD=X,55,2007-10-08 23:59:59.999989,0.98,0.99,0.98,0.99,0.0,0.0,0.9865,TestStrategy,55,732957.9999999999,MovingAverageSimple,55,0.9986666666666667,Broker,55,999.6999999999999,999.6999999999999,BuySell,55,,,Trades - Net Profit/Loss,55,,
56,CAD=X,56,2007-10-09 23:59:59.999989,0.99,0.99,0.98,0.98,0.0,0.0,0.9825,TestStrategy,56,732958.9999999999,MovingAverageSimple,56,0.9966666666666666,Broker,56,999.6999999999999,999.6999999999999,BuySell,56,,,Trades - Net Profit/Loss,56,,
57,CAD=X,57,2007-10-10 23:59:59.999989,0.98,0.98,0.98,0.98,0.0,0.0,0.9814,TestStrategy,57,732959.9999999999,MovingAverageSimple,57,0.9946666666666667,Broker,57,999.6999999999999,999.6999999999999,BuySell,57,,,Trades - Net Profit/Loss,57,,
58,CAD=X,58,2007-10-11 23:59:59.999989,0.98,0.98,0.97,0.98,0.0,0.0,0.9759,TestStrategy,58,732960.9999999999,MovingAverageSimple,58,0.9933333333333334,Broker,58,999.6999999999999,999.6999999999999,BuySell,58,,,Trades - Net Profit/Loss,58,,
59,CAD=X,59,2007-10-12 23:59:59.999989,0.98,0.98,0.97,0.97,0.0,0.0,0.9734,TestStrategy,59,732961.9999999999,MovingAverageSimple,59,0.9913333333333333,Broker,59,999.6999999999999,999.6999999999999,BuySell,59,,,Trades - Net Profit/Loss,59,,
60,CAD=X,60,2007-10-15 23:59:59.999989,0.97,0.98,0.97,0.98,0.0,0.0,0.9753,TestStrategy,60,732964.9999999999,MovingAverageSimple,60,0.99,Broker,60,999.6999999999999,999.6999999999999,BuySell,60,,,Trades - Net Profit/Loss,60,,
61,CAD=X,61,2007-10-16 23:59:59.999989,0.98,0.98,0.97,0.98,0.0,0.0,0.979,TestStrategy,61,732965.9999999999,MovingAverageSimple,61,0.9886666666666667,Broker,61,999.6999999999999,999.6999999999999,BuySell,61,,,Trades - Net Profit/Loss,61,,
62,CAD=X,62,2007-10-17 23:59:59.999989,0.98,0.98,0.97,0.97,0.0,0.0,0.9743,TestStrategy,62,732966.9999999999,MovingAverageSimple,62,0.9866666666666667,Broker,62,999.6999999999999,999.6999999999999,BuySell,62,,,Trades - Net Profit/Loss,62,,
63,CAD=X,63,2007-10-18 23:59:59.999989,0.97,0.98,0.97,0.97,0.0,0.0,0.974,TestStrategy,63,732967.9999999999,MovingAverageSimple,63,0.9846666666666667,Broker,63,999.6999999999999,999.6999999999999,BuySell,63,,,Trades - Net Profit/Loss,63,,
64,CAD=X,64,2007-10-19 23:59:59.999989,0.97,0.98,0.96,0.96,0.0,0.0,0.9632,TestStrategy,64,732968.9999999999,MovingAverageSimple,64,0.982,Broker,64,999.6999999999999,999.6999999999999,BuySell,64,,,Trades - Net Profit/Loss,64,,
65,CAD=X,65,2007-10-22 23:59:59.999989,0.97,0.98,0.97,0.98,0.0,0.0,0.978,TestStrategy,65,732971.9999999999,MovingAverageSimple,65,0.9813333333333333,Broker,65,999.6999999999999,999.6999999999999,BuySell,65,,,Trades - Net Profit/Loss,65,,
66,CAD=X,66,2007-10-23 23:59:59.999989,0.98,0.98,0.96,0.97,0.0,0.0,0.9668,TestStrategy,66,732972.9999999999,MovingAverageSimple,66,0.9793333333333333,Broker,66,999.6999999999999,999.6999999999999,BuySell,66,,,Trades - Net Profit/Loss,66,,
67,CAD=X,67,2007-10-24 23:59:59.999989,0.97,0.97,0.96,0.97,0.0,0.0,0.9691,TestStrategy,67,732973.9999999999,MovingAverageSimple,67,0.9773333333333334,Broker,67,999.6999999999999,999.6999999999999,BuySell,67,,,Trades - Net Profit/Loss,67,,
68,CAD=X,68,2007-10-25 23:59:59.999989,0.97,0.97,0.96,0.97,0.0,0.0,0.9661,TestStrategy,68,732974.9999999999,MovingAverageSimple,68,0.9753333333333333,Broker,68,999.6999999999999,999.6999999999999,BuySell,68,,,Trades - Net Profit/Loss,68,,
69,CAD=X,69,2007-10-26 23:59:59.999989,0.97,0.97,0.96,0.96,0.0,0.0,0.962,TestStrategy,69,732975.9999999999,MovingAverageSimple,69,0.974,Broker,69,999.6999999999999,999.6999999999999,BuySell,69,,,Trades - Net Profit/Loss,69,,
70,CAD=X,70,2007-10-29 23:59:59.999989,0.96,0.96,0.95,0.95,0.0,0.0,0.9533,TestStrategy,70,732978.9999999999,MovingAverageSimple,70,0.9713333333333334,Broker,70,999.6999999999999,999.6999999999999,BuySell,70,,,Trades - Net Profit/Loss,70,,
71,CAD=X,71,2007-10-30 23:59:59.999989,0.95,0.96,0.95,0.95,0.0,0.0,0.9534,TestStrategy,71,732979.9999999999,MovingAverageSimple,71,0.9693333333333333,Broker,71,999.6999999999999,999.6999999999999,BuySell,71,,,Trades - Net Profit/Loss,71,,
72,CAD=X,72,2007-10-31 23:59:59.999989,0.95,0.96,0.94,0.95,0.0,0.0,0.9467,TestStrategy,72,732980.9999999999,MovingAverageSimple,72,0.9673333333333333,Broker,72,999.6999999999999,999.6999999999999,BuySell,72,,,Trades - Net Profit/Loss,72,,
73,CAD=X,73,2007-11-01 23:59:59.999989,0.95,0.95,0.94,0.95,0.0,0.0,0.9505,TestStrategy,73,732981.9999999999,MovingAverageSimple,73,0.9653333333333334,Broker,73,999.6999999999999,999.6999999999999,BuySell,73,,,Trades - Net Profit/Loss,73,,
74,CAD=X,74,2007-11-02 23:59:59.999989,0.95,0.95,0.93,0.93,0.0,0.0,0.9344,TestStrategy,74,732982.9999999999,MovingAverageSimple,74,0.9626666666666667,Broker,74,999.6999999999999,999.6999999999999,BuySell,74,,,Trades - Net Profit/Loss,74,,
75,CAD=X,75,2007-11-05 23:59:59.999989,0.94,0.94,0.93,0.93,0.0,0.0,0.9329,TestStrategy,75,732985.9999999999,MovingAverageSimple,75,0.9593333333333334,Broker,75,999.6999999999999,999.6999999999999,BuySell,75,,,Trades - Net Profit/Loss,75,,
76,CAD=X,76,2007-11-06 23:59:59.999989,0.93,0.93,0.92,0.92,0.0,0.0,0.9187,TestStrategy,76,732986.9999999999,MovingAverageSimple,76,0.9553333333333334,Broker,76,999.6999999999999,999.6999999999999,BuySell,76,,,Trades - Net Profit/Loss,76,,
77,CAD=X,77,2007-11-07 23:59:59.999989,0.92,0.94,0.91,0.93,0.0,0.0,0.9333,TestStrategy,77,732987.9999999999,MovingAverageSimple,77,0.9526666666666667,Broker,77,999.6999999999999,999.6999999999999,BuySell,77,,,Trades - Net Profit/Loss,77,,
78,CAD=X,78,2007-11-08 23:59:59.999989,0.93,0.94,0.92,0.93,0.0,0.0,0.9348,TestStrategy,78,732988.9999999999,MovingAverageSimple,78,0.95,Broker,78,999.6999999999999,999.6999999999999,BuySell,78,,,Trades - Net Profit/Loss,78,,
79,CAD=X,79,2007-11-09 23:59:59.999989,0.93,0.94,0.93,0.94,0.0,0.0,0.9386,TestStrategy,79,732989.9999999999,MovingAverageSimple,79,0.9486666666666667,Broker,79,999.6999999999999,999.6999999999999,BuySell,79,,,Trades - Net Profit/Loss,79,,
80,CAD=X,80,2007-11-12 23:59:59.999989,0.94,0.97,0.94,0.97,0.0,0.0,0.9692,TestStrategy,80,732992.9999999999,MovingAverageSimple,80,0.9480000000000001,Broker,80,999.6999999999999,999.6999999999999,BuySell,80,,,Trades - Net Profit/Loss,80,,
81,CAD=X,81,2007-11-13 23:59:59.999989,0.97,0.97,0.95,0.96,0.0,0.0,0.9574,TestStrategy,81,732993.9999999999,MovingAverageSimple,81,0.9473333333333332,Broker,81,989.9999999999999,999.5999999999999,BuySell,81,0.93575,,Trades - Net Profit/Loss,81,,
82,CAD=X,82,2007-11-14 23:59:59.999989,0.96,0.97,0.95,0.97,0.0,0.0,0.9654,TestStrategy,82,732994.9999999999,MovingAverageSimple,82,0.9473333333333332,Broker,82,989.9999999999999,999.6999999999999,BuySell,82,,,Trades - Net Profit/Loss,82,,
83,CAD=X,83,2007-11-15 23:59:59.999989,0.97,0.99,0.96,0.99,0.0,0.0,0.9852,TestStrategy,83,732995.9999999999,MovingAverageSimple,83,0.9486666666666667,Broker,83,989.9999999999999,999.8999999999999,BuySell,83,,,Trades - Net Profit/Loss,83,,
84,CAD=X,84,2007-11-16 23:59:59.999989,0.99,0.99,0.97,0.97,0.0,0.0,0.9723,TestStrategy,84,732996.9999999999,MovingAverageSimple,84,0.9493333333333334,Broker,84,989.9999999999999,999.6999999999999,BuySell,84,,,Trades - Net Profit/Loss,84,,
85,CAD=X,85,2007-11-19 23:59:59.999989,0.97,0.98,0.97,0.98,0.0,0.0,0.9838,TestStrategy,85,732999.9999999999,MovingAverageSimple,85,0.9513333333333333,Broker,85,989.9999999999999,999.7999999999998,BuySell,85,,,Trades - Net Profit/Loss,85,,
86,CAD=X,86,2007-11-20 23:59:59.999989,0.98,0.99,0.97,0.98,0.0,0.0,0.9816,TestStrategy,86,733000.9999999999,MovingAverageSimple,86,0.9533333333333334,Broker,86,989.9999999999999,999.7999999999998,BuySell,86,,,Trades - Net Profit/Loss,86,,
87,CAD=X,87,2007-11-21 23:59:59.999989,0.98,0.99,0.98,0.99,0.0,0.0,0.9872,TestStrategy,87,733001.9999999999,MovingAverageSimple,87,0.956,Broker,87,989.9999999999999,999.8999999999999,BuySell,87,,,Trades - Net Profit/Loss,87,,
88,CAD=X,88,2007-11-22 23:59:59.999989,0.99,0.99,0.98,0.99,0.0,0.0,0.9851,TestStrategy,88,733002.9999999999,MovingAverageSimple,88,0.9586666666666667,Broker,88,989.9999999999999,999.8999999999999,BuySell,88,,,Trades - Net Profit/Loss,88,,
89,CAD=X,89,2007-11-23 23:59:59.999989,0.98,0.99,0.98,0.99,0.0,0.0,0.9892,TestStrategy,89,733003.9999999999,MovingAverageSimple,89,0.9626666666666667,Broker,89,989.9999999999999,999.8999999999999,BuySell,89,,,Trades - Net Profit/Loss,89,,
90,CAD=X,90,2007-11-27 23:59:59.999989,0.99,1.0,0.98,1.0,0.0,0.0,0.9957,TestStrategy,90,733007.9999999999,MovingAverageSimple,90,0.9673333333333333,Broker,90,989.9999999999999,999.9999999999999,BuySell,90,,,Trades - Net Profit/Loss,90,,
91,CAD=X,91,2007-11-28 23:59:59.999989,1.0,1.0,0.98,0.99,0.0,0.0,0.9866,TestStrategy,91,733008.9999999999,MovingAverageSimple,91,0.972,Broker,91,989.9999999999999,999.8999999999999,BuySell,91,,,Trades - Net Profit/Loss,91,,
92,CAD=X,92,2007-11-29 23:59:59.999989,0.99,1.0,0.98,1.0,0.0,0.0,0.9968,TestStrategy,92,733009.9999999999,MovingAverageSimple,92,0.9766666666666667,Broker,92,989.9999999999999,999.9999999999999,BuySell,92,,,Trades - Net Profit/Loss,92,,
93,CAD=X,93,2007-11-30 23:59:59.999989,1.0,1.0,0.99,1.0,0.0,0.0,1.0004,TestStrategy,93,733010.9999999999,MovingAverageSimple,93,0.9813333333333333,Broker,93,989.9999999999999,999.9999999999999,BuySell,93,,,Trades - Net Profit/Loss,93,,
94,CAD=X,94,2007-12-03 23:59:59.999989,1.0,1.0,1.0,1.0,0.0,0.0,0.9997,TestStrategy,94,733013.9999999999,MovingAverageSimple,94,0.9853333333333333,Broker,94,989.9999999999999,999.9999999999999,BuySell,94,,,Trades - Net Profit/Loss,94,,
95,CAD=X,95,2007-12-04 23:59:59.999989,1.0,1.01,1.0,1.01,0.0,0.0,1.0121,TestStrategy,95,733014.9999999999,MovingAverageSimple,95,0.988,Broker,95,989.9999999999999,1000.0999999999999,BuySell,95,,,Trades - Net Profit/Loss,95,,
96,CAD=X,96,2007-12-05 23:59:59.999989,1.01,1.02,1.01,1.01,0.0,0.0,1.0115,TestStrategy,96,733015.9999999999,MovingAverageSimple,96,0.9913333333333333,Broker,96,989.9999999999999,1000.0999999999999,BuySell,96,,,Trades - Net Profit/Loss,96,,
97,CAD=X,97,2007-12-06 23:59:59.999989,1.01,1.02,1.01,1.01,0.0,0.0,1.0083,TestStrategy,97,733016.9999999999,MovingAverageSimple,97,0.994,Broker,97,989.9999999999999,1000.0999999999999,BuySell,97,,,Trades - Net Profit/Loss,97,,
98,CAD=X,98,2007-12-07 23:59:59.999989,1.01,1.01,1.0,1.01,0.0,0.0,1.0051,TestStrategy,98,733017.9999999999,MovingAverageSimple,98,0.9953333333333333,Broker,98,989.9999999999999,1000.0999999999999,BuySell,98,,,Trades - Net Profit/Loss,98,,
99,CAD=X,99,2007-12-10 23:59:59.999989,1.01,1.01,1.0,1.01,0.0,0.0,1.006,TestStrategy,99,733020.9999999999,MovingAverageSimple,99,0.998,Broker,99,989.9999999999999,1000.0999999999999,BuySell,99,,,Trades - Net Profit/Loss,99,,
100,CAD=X,100,2007-12-11 23:59:59.999989,1.01,1.02,1.0,1.01,0.0,0.0,1.0119,TestStrategy,100,733021.9999999999,MovingAverageSimple,100,1.0,Broker,100,989.9999999999999,1000.0999999999999,BuySell,100,,,Trades - Net Profit/Loss,100,,
101,CAD=X,101,2007-12-12 23:59:59.999989,1.01,1.02,1.01,1.01,0.0,0.0,1.0113,TestStrategy,101,733022.9999999999,MovingAverageSimple,101,1.002,Broker,101,989.9999999999999,1000.0999999999999,BuySell,101,,,Trades - Net Profit/Loss,101,,
102,CAD=X,102,2007-12-13 23:59:59.999989,1.01,1.02,1.01,1.02,0.0,0.0,1.0194,TestStrategy,102,733023.9999999999,MovingAverageSimple,102,1.004,Broker,102,989.9999999999999,1000.1999999999999,BuySell,102,,,Trades - Net Profit/Loss,102,,
103,CAD=X,103,2007-12-14 23:59:59.999989,1.02,1.02,1.01,1.01,0.0,0.0,1.0132,TestStrategy,103,733024.9999999999,MovingAverageSimple,103,1.0053333333333334,Broker,103,989.9999999999999,1000.0999999999999,BuySell,103,,,Trades - Net Profit/Loss,103,,
104,CAD=X,104,2007-12-17 23:59:59.999989,1.02,1.02,1.0,1.01,0.0,0.0,1.0054,TestStrategy,104,733027.9999999999,MovingAverageSimple,104,1.0066666666666666,Broker,104,989.9999999999999,1000.0999999999999,BuySell,104,,,Trades - Net Profit/Loss,104,,
105,CAD=X,105,2007-12-19 23:59:59.999989,1.01,1.01,1.0,1.0,0.0,0.0,1.002,TestStrategy,105,733029.9999999999,MovingAverageSimple,105,1.0066666666666666,Broker,105,989.9999999999999,999.9999999999999,BuySell,105,,,Trades - Net Profit/Loss,105,,
106,CAD=X,106,2007-12-20 23:59:59.999989,1.0,1.0,1.0,1.0,0.0,0.0,1.0002,TestStrategy,106,733030.9999999999,MovingAverageSimple,106,1.0073333333333332,Broker,106,999.9999999999999,999.9999999999999,BuySell,106,,1.015,Trades - Net Profit/Loss,106,0.30000000000000027,
107,CAD=X,107,2007-12-21 23:59:59.999989,1.0,1.0,0.99,0.99,0.0,0.0,0.9942,TestStrategy,107,733031.9999999999,MovingAverageSimple,107,1.0066666666666666,Broker,107,999.9999999999999,999.9999999999999,BuySell,107,,,Trades - Net Profit/Loss,107,,
108,CAD=X,108,2007-12-24 23:59:59.999989,0.99,0.99,0.98,0.98,0.0,0.0,0.985,TestStrategy,108,733034.9999999999,MovingAverageSimple,108,1.0053333333333334,Broker,108,999.9999999999999,999.9999999999999,BuySell,108,,,Trades - Net Profit/Loss,108,,
109,CAD=X,109,2007-12-25 23:59:59.999989,0.98,0.99,0.98,0.99,0.0,0.0,0.9856,TestStrategy,109,733035.9999999999,MovingAverageSimple,109,1.0046666666666666,Broker,109,999.9999999999999,999.9999999999999,BuySell,109,,,Trades - Net Profit/Loss,109,,
110,CAD=X,110,2007-12-26 23:59:59.999989,0.99,0.99,0.98,0.98,0.0,0.0,0.98,TestStrategy,110,733036.9999999999,MovingAverageSimple,110,1.0026666666666666,Broker,110,999.9999999999999,999.9999999999999,BuySell,110,,,Trades - Net Profit/Loss,110,,
111,CAD=X,111,2007-12-27 23:59:59.999989,0.98,0.98,0.98,0.98,0.0,0.0,0.9805,TestStrategy,111,733037.9999999999,MovingAverageSimple,111,1.0006666666666666,Broker,111,999.9999999999999,999.9999999999999,BuySell,111,,,Trades - Net Profit/Loss,111,,
112,CAD=X,112,2007-12-28 23:59:59.999989,0.98,0.98,0.98,0.98,0.0,0.0,0.9782,TestStrategy,112,733038.9999999999,MovingAverageSimple,112,0.9986666666666667,Broker,112,999.9999999999999,999.9999999999999,BuySell,112,,,Trades - Net Profit/Loss,112,,
